Latitude,Longitude,Lower2s,Median,Upper2s,ProxyType,Species
-55,73.3,-2.92729599781805,-1.37933862440934,0.302709224763279,delo,pachy
-53,-58,1.42619101746967,2.77389752443216,4.2535525480565,uk,
-51.1,67.7,-4.81043674556819,-3.19236408652739,-0.570439456954374,delo,pachy
-48.1,146.9,-4.78452302818138,-3.37083799509591,-1.88612251190754,uk,
-46.1,90.1,-4.94976386687734,-3.47051289314958,-1.91927079793785,delo,bulloides
-46,96.5,-4.12135814627763,-2.67516817625377,-1.3354726183474,delo,bulloides
-46,96.5,-4.10283992095949,-2.68176189492357,-1.33198329133551,delo,pachy
-45.6,86.5,-4.77269363153896,-3.34065590018631,-1.93996893920316,delo,bulloides
-45.6,86.5,-6.18982044762874,-4.70214526409886,-3.35144992361768,delo,pachy
-45.6,86.5,1.84509515081851,3.28279337525235,4.59316878279921,uk,
-45.5,174.9,-3.99668540343291,-2.68008075131002,-1.30615197630532,delo,bulloides
-45.5,174.9,-6.55803480288537,-5.04573848580291,-3.60496782861328,mg,bulloides
-45.5,174.9,-4.72020518505776,-3.33321440631729,-1.92500212200525,uk,
-44.2,-14.2,-1.06293071730408,0.364521634552041,1.72406967329891,delo,bulloides
-43.8,51.3,-0.133779096297935,1.30635716657209,2.66501380439143,delo,bulloides
-43.8,51.3,-7.93684397440119,-6.45755175031986,-4.91879719870827,delo,pachy
-43.5,79.8,-4.62107276102307,-3.26665321815961,-1.82361804667031,delo,bulloides
-43.5,79.9,-6.6633800477023,-5.16089213551787,-3.63160559872657,mg,bulloides
-43.4,167.9,-6.31661883796145,-4.83670796563309,-3.28500345582913,uk,
-42.9,9,-3.40031582327085,-2.02262800275229,-0.530829464080805,delo,bulloides
-42.5,178.6,-4.40800837497522,-3.00310439303528,-1.64880323769214,uk,
-42.4,179.5,-11.2271627580759,-9.78752943207198,-8.28780827419754,uk,
-41.6,-171.5,-7.49531377786647,-6.08294935008731,-4.66864056108827,uk,
-41,-74.4,-5.62015809115191,-4.17318831296254,-2.73939703697212,uk,
-40.4,178,-4.95352799755045,-3.47119405905619,-2.02854783709162,uk,
-37,137.4,-8.36537305371235,-7.04843046152928,-5.68589784922822,tex,
-37,137.4,-10.1435625393779,-8.7677994740627,-7.38631179988956,uk,
-36.7,136.6,-6.15574589268853,-4.76697493446125,-3.34418272996415,delo,bulloides
-36.7,136.6,-8.23825114425468,-6.74997763350566,-5.45690661978305,uk,
-34.7,17.3,-2.26559512694131,-0.90102706243483,0.699173201791059,delo,ruber
-34.7,17.3,-3.27666547718598,-1.94021456005129,-0.553163643181882,mg,ruber
-33.2,31.2,-5.89875772429018,-3.75046484567116,-2.2633820163205,uk,
-31,114.6,0.585861921512196,2.08996378512223,5.09755485838013,uk,
-28.7,113.4,-1.4808229936997,-0.00952647551078378,1.69831473476125,uk,
-27.9,-45.9,-4.37768826358641,-2.98173849326795,-1.53967897910966,delo,ruber
-27.9,-45.9,-3.86617772746818,-2.27187463673417,-0.830336632940092,delo,sacculifer
-27.9,-45.9,-5.94539850084939,-3.14283099457674,-1.59134071818123,uk,
-27.5,-45.5,-3.01031792122744,-1.5548623344756,-0.165015906426111,delo,ruber
-27.2,-46.5,-5.76904369480972,-4.10553675756635,-2.75412958718101,uk,
-25.5,13,-4.19071168438355,-2.75115239023484,-1.2647601238792,mg,bulloides
-24.8,-44.3,-3.96752134487126,-2.55061466424028,-1.17682715003053,tex,
-24.8,-44.3,-5.89799645015907,-4.48881148303295,-3.0989349513564,uk,
-24.8,111.8,-3.53953222326087,-1.71530650155191,-0.258694533041147,uk,
-23.4,11.7,-5.56182714129931,-3.99216450978455,-2.69463078776612,uk,
-23.3,12.4,-4.98459971714894,-3.45056096277914,-2.127834954884,uk,
-23.3,12.8,-2.37602626125717,-0.93706040283573,0.440850291879068,uk,
-22.9,6,-5.40061885844108,-4.01899299187606,-2.51697328139219,uk,
-22.1,113.5,-1.55903420275862,-0.0604752615789632,1.35418010434145,uk,
-21.6,-40,-2.87138600983694,-1.4114192006273,0.0172156254218372,delo,ruber
-21.6,-40,-3.28228489452587,-1.8970164385624,-0.499487736369826,delo,sacculifer
-20.8,-39.9,-5.22798915621567,-3.75956706006924,-2.383857807843,delo,sacculifer
-20.8,-39.9,-4.89732238166547,-2.21221074793174,-0.489475853014962,uk,
-20.4,36.3,-4.21907550087298,-2.68320795368066,-0.909319451097414,uk,
-20.1,9.2,-4.86306744448211,-3.42834734496002,-2.03282534090542,uk,
-19.6,11.2,-2.52834196125372,-1.10540027350662,0.275720397589565,uk,
-19.6,37,-4.21499010903456,-2.93285875185119,-1.43391543003377,delo,ruber
-18.6,116.3,-1.77476115285882,-0.412850410561012,1.04311854230094,uk,
-17.9,38.7,-2.57121094432934,-1.21109747097726,0.14014986306319,delo,ruber
-17.9,38.7,-2.87304516032394,-1.30229270615546,0.133351520983478,uk,
-17.2,-78.1,-8.82163405027424,-7.39112465370963,-5.96033536750342,delo,bulloides
-17.2,-78.1,-4.31844364051446,-2.85965180243806,-1.35023747113471,uk,
-17.2,11,-6.33049464238327,-4.85828916462825,-3.48784488998881,delo,bulloides
-17.2,11,-4.43336987230264,-3.02623866776714,-1.58145403609494,uk,
-15.3,119.5,-4.15796127412439,-2.67602484414374,-1.25815450672123,delo,ruber
-15.3,119.5,-4.5302390474933,-3.20296914096085,-1.61186920829788,mg,ruber
-15,120.7,-4.96736206946239,-3.43907766313816,-2.04361574004439,delo,ruber
-15,120.7,-5.05419858943705,-3.63987507197747,-2.23541099155838,mg,ruber
-13.9,120,-4.61406802114101,-3.17147559558999,-1.76549759578488,delo,ruber
-13.9,120,-4.70714750439088,-3.36780272451468,-1.87533851155396,mg,ruber
-13.1,121.4,-3.01189798208416,-1.62468790157256,-0.121580047984866,delo,ruber
-13.1,121.8,-3.32771550094062,-2.00660764808378,-0.668136445682595,delo,ruber
-13.1,121.8,-4.24089412056556,-2.83832784794059,-1.40173316705871,mg,ruber
-12.2,121.6,-3.3373168434127,-1.70871836956938,-0.389323717645697,delo,ruber
-12.2,122.1,-2.95051683034101,-1.68992929144807,-0.269227663910469,delo,ruber
-11.9,13.4,-4.78699518011414,-2.79193629678266,-1.36530873456776,uk,
-11.6,122.1,-3.74254550852265,-2.39745131568992,-1.06857229193011,delo,ruber
-11.5,122.4,-4.83727774740762,-3.47875790132792,-2.10093146911508,delo,ruber
-11.5,122.4,-1.93010527362184,-0.5630263421231,0.915075665131173,mg,ruber
-11.3,121.7,-4.49633744920504,-3.04444646044075,-1.52341711106138,delo,ruber
-11,121,-5.26431131777445,-3.7306270208703,-2.37881894921802,delo,ruber
-11,121,-4.25199843340277,-2.77873525824748,-1.47988160803467,mg,ruber
-11,121.7,-3.202738968311,-1.8016639233108,-0.510410775613224,mg,ruber
-10.8,120.7,-4.06130970266596,-2.71819347578064,-1.33530007379526,delo,ruber
-10.8,120.7,-3.62500320718435,-2.2686932927687,-0.8382106903061,mg,ruber
-10.6,125.4,-3.24613243344278,-1.88286180597432,-0.444450763430996,delo,ruber
-10.6,125.4,-4.3846834366658,-3.04368375721985,-1.68609539273492,mg,ruber
-10.2,51,0.00255276757076572,1.52268048339307,3.04779475538681,delo,ruber
-10.2,51,-1.74718493221855,-0.343384824550236,1.00679818581819,mg,ruber
-9.7,118.3,-4.53100000715298,-3.16307012367503,-1.79044879452017,delo,ruber
-9.7,118.4,-4.47387504796165,-3.06978833047945,-1.60574066860154,mg,ruber
-9.1,129.2,-3.78020862471346,-2.30659904881399,-0.916828660777655,delo,ruber
-9.1,129.2,-3.56110212209145,-2.28303193321781,-0.870186037066668,mg,ruber
-9,120,-3.86538897784782,-2.44351311017465,-0.977246951659252,delo,ruber
-9,120,-2.66853144524298,-1.22404662215689,0.156422408212972,mg,ruber
-8.8,128.6,-4.6689326748986,-3.35821426903828,-1.80528114564297,delo,ruber
-8.8,128.6,-5.42089808857838,-4.05056255997575,-2.67741928821083,mg,ruber
-8.7,112.9,-4.09033658108457,-2.59111899627418,-1.24432808504771,delo,bulloides
-8.7,112.9,-3.4216905417891,-2.00503722467023,-0.610627960735547,delo,ruber
-8.5,-34,-4.45919322753596,-3.09037234631949,-1.66697182772631,delo,sacculifer
-8.5,128.2,-4.80659169902006,-3.30109222445809,-1.92799181556155,delo,ruber
-8.5,128.2,-4.10956435604208,-2.66408469299682,-1.23578805491874,mg,ruber
-7.1,39.8,-4.02907653548219,-2.49649240493203,-1.07147390151103,delo,ruber
-7.1,39.8,-4.38811258347978,-2.97756789928685,-1.45003996143242,mg,ruber
-7,-34.4,-4.75295913243133,-3.17498786675156,-1.76351021823562,delo,sacculifer
-6.9,9,-7.3904433024222,-4.28994076707287,-2.71241102482761,uk,
-6.6,10.3,-7.22938712977022,-4.16302865239934,-2.59023362170002,uk,
-6.1,102.4,-4.20255350444845,-2.77712090444174,-1.27581072521083,delo,ruber
-5.9,103.3,-5.64021656202537,-4.29929560278851,-2.86262439634047,delo,ruber
-5.9,103.3,-3.45697611649217,-2.07198700122776,-0.721382807693551,mg,ruber
-5.8,127,-3.73691962528845,-2.33133558917668,-0.775093353270378,delo,ruber
-5.6,11.2,-4.0715270355546,-2.70847266617373,-1.33938269961564,delo,ruber
-5.6,11.2,-3.86973731494056,-2.37673519900359,-0.90726126670015,uk,
-5.5,-106.8,-1.0960767660873,0.29620112346281,1.60423525683322,delo,ruber
-5.5,-106.8,-2.0303641624042,-0.641875150217261,0.763647406020528,delo,sacculifer
-5.2,10.4,-7.79993003347224,-2.77720123898792,-1.03483672296174,uk,
-5.2,117.5,-4.50966041045271,-3.082905796506,-1.67915453042124,delo,ruber
-5.2,117.5,-4.45967922156249,-3.05669357116178,-1.67047077372591,mg,ruber
-5,133.4,-3.35770608537269,-1.9972967001292,-0.55606775579863,delo,ruber
-5,133.4,-4.23376112396038,-2.90695154997043,-1.54341723872774,mg,ruber
-4.8,39.4,-3.57205375880017,-2.17002613606715,-0.669237602459447,delo,ruber
-4.8,39.4,-2.77117046536922,-1.34857670199019,0.0314722324765579,mg,ruber
-4.7,117.9,-4.459045219938,-3.02766482158655,-1.54208399738088,delo,ruber
-4.7,117.9,-4.73883383996739,-3.44556590434643,-2.02225817291974,mg,ruber
-4.3,-37.1,-5.92114161910844,-4.40004230923034,-3.0315537125569,delo,sacculifer
-4.2,-36.3,-5.35293547702268,-2.88165186758679,-1.01216849002723,uk,
-4,-81.3,-3.39110837884906,-1.96738654517907,-0.541609491812206,uk,
-3.8,-14.9,-4.49913542673052,-2.63596930313077,-1.01177124898137,uk,
-3.7,-37.7,-2.1035817940676,-0.689115360767774,0.650220341740049,delo,ruber
-3.7,-37.7,-3.8830815260435,-2.36285769695447,-0.948197878549008,delo,sacculifer
-3.6,-84,-2.65579146560795,-1.29754878362977,0.0568133741455554,uk,
-3.5,-7.6,-7.31560328875019,-4.65265074044265,-2.66424803294307,uk,
-3.4,-83.5,-3.36787111737606,-2.00036913384754,-0.418531882270152,uk,
-3.1,-90.8,-3.87811495946968,-2.3072451780866,-0.85368434285779,uk,
-2.9,-87.8,-4.25540017065992,-2.86018116881929,-1.56993292563121,delo,ruber
-2.9,-87.8,-4.58326552354528,-3.12329777775068,-1.76442964513081,delo,sacculifer
-2.8,144.5,-3.51940342385042,-2.03619577106969,-0.624668290816661,delo,ruber
-2.4,-84.7,-3.2074571842388,-1.81693290130228,-0.423368441750354,delo,ruber
-2.4,-84.7,-1.4318032840186,-0.0525903150409981,1.41618893173735,delo,sacculifer
-2.4,-84.7,-5.31831990300519,-2.52197204038882,-1.02928398614141,uk,
-2.2,-11.3,-3.23974716307733,-1.80529291723918,-0.382144409787687,delo,ruber
-2.2,-11.3,-4.09192007118265,-2.82021912168487,-1.49488482021621,mg,ruber
-2.2,5.1,-2.62139779709927,-1.24165123144954,0.170576894801755,delo,ruber
-2.2,157,-4.08692902856544,-2.77403947966824,-1.37930610017801,delo,sacculifer
-2.2,157,-4.65061081760666,-3.12100560115221,-1.69406939755794,mg,sacculifer
-1.9,-82.8,-3.47309716530759,-1.86242188220567,-0.421436925365612,uk,
-1.7,-12.4,-4.49717257397618,-3.20218561530854,-1.66805176199068,delo,ruber
-1.7,-12.4,-4.32370922263421,-2.86694969129334,-1.51052003404426,delo,sacculifer
-1.7,-12.4,-2.79276553444088,-1.41889989222538,0.0821681557624014,mg,sacculifer
-1.7,-12.4,-5.79346334431302,-3.26232173883361,-1.57394739295252,uk,
-1.5,-85.8,-2.39259553334824,-0.909577942660635,0.52058293365341,delo,ruber
-1.5,-85.8,-2.32552695913322,-0.949585935308056,0.450532110391299,delo,sacculifer
-1.5,100.1,-3.86646667228404,-2.49580759562301,-1.17252887564008,delo,ruber
-1.5,100.1,-4.5758208792069,-3.27665980422076,-1.95846567172404,mg,ruber
-1.3,-12,-6.86275660982148,-4.55468654024194,-2.7352056549163,uk,
-1.3,-11.9,-1.99700072650503,-0.58976378140612,0.751697037429011,delo,ruber
-1.3,-11.9,-2.49588044214547,-1.01853350094418,0.327625589773046,mg,ruber
-1.2,-89.7,-3.30100632680525,-1.91704880694283,-0.644592717734996,delo,ruber
-1.2,-89.7,-2.08761307876957,-0.606044340270858,0.712192819019497,delo,sacculifer
-1.2,-89.7,-3.35089262562522,-1.96884625175208,-0.580213111330071,mg,ruber
-1.2,-89.7,-3.10313441066678,-1.75588537372757,-0.335693360941908,mg,sacculifer
-1.2,-89.7,-2.45643933012689,-1.08014526536046,0.52684455710312,uk,
-0.8,99.9,-4.3840819607501,-3.06793209837602,-1.64330888694254,delo,ruber
-0.8,99.9,-5.15213587625063,-3.53408353822358,-2.13984109275854,mg,ruber
-0.5,-82.1,-3.38102866741738,-2.01110695765241,-0.589450075336405,delo,ruber
-0.5,-82.1,-4.26052376349539,-2.89229657934565,-1.47943359380359,delo,sacculifer
-0.5,-82.1,-4.33560784759012,-2.19104450259411,-0.665008453559729,uk,
-0.2,-23.2,-3.96555831619068,-2.48968017660992,-1.09674599242933,delo,ruber
-0.2,-23.2,-5.34844346986413,-4.04679945800524,-2.62099913828649,mg,ruber
0,-86.5,-6.1415847690324,-3.53813532339531,-1.90269425722883,uk,
-0,46,-3.60124855226116,-1.8107163263194,0.122321638434352,uk,
0.3,159.4,-1.4598480607972,-0.0377303694545148,1.43056297504959,delo,ruber
0.3,159.4,-4.3645253447098,-2.99801336982129,-1.55784692392745,mg,ruber
0.4,-92.2,-3.59392093130862,-2.1924541471672,-0.904088726311132,delo,ruber
0.5,-92.4,-3.07658563943435,-1.5688808387986,-0.0881956542746085,delo,ruber
0.5,-92.4,-2.85551682453,-1.42889025868498,-0.116509253079592,mg,ruber
0.5,-92.4,-3.70799787585414,-2.10100675876372,-0.64098117304529,uk,
0.6,-93.3,-2.10826904742959,-0.7401933912569,0.599444040542519,delo,ruber
1,-139,-2.53072307813456,-1.05531639027546,0.505290492504896,uk,
1,-89.4,-1.46736732400892,-0.0987257166096072,1.32164450935411,delo,sacculifer
1.2,98.1,-3.76260018816659,-2.27980326193853,-0.875325810710999,delo,ruber
1.3,44.8,-5.2544074388975,-3.82165871215291,-2.3990887262943,delo,ruber
1.3,44.8,-5.41873935374491,-4.06794080587801,-2.73151480917735,mg,ruber
1.4,-33.5,-3.76146186483545,-2.44917671096208,-1.13260757856524,delo,ruber
1.4,-33.5,-6.9466708064834,-5.49930442020517,-4.02010404148313,mg,ruber
1.4,146.2,-1.59081343051236,-0.181380868709009,1.15633989026094,delo,ruber
1.9,67.3,-1.29482042212328,0.0173305158306114,1.44220311068857,delo,ruber
1.9,67.3,-4.282235473729,-2.95772324370231,-1.48636131260213,mg,ruber
2,3.6,-7.62522504461168,-6.09240448847586,-4.7879596535306,delo,sacculifer
2.3,-30.6,-3.99745102808847,-2.62624894609816,-1.16635712422048,delo,sacculifer
2.5,9.4,-4.75728262896124,-3.47678906826837,-2.06795715858205,delo,ruber
2.5,9.4,-3.02584760095013,-1.54946631622789,-0.277796151715599,mg,ruber
3.2,50.4,-4.23864930989908,-2.41256953860843,-0.660265543128542,uk,
3.5,96.3,-4.05293671622933,-2.70736634160692,-1.2781288450124,delo,ruber
3.5,96.3,-4.64567083617154,-3.3547963624244,-1.97807332541566,mg,ruber
3.5,141.9,-0.719457929909572,0.865605722660565,2.90766748924383,uk,
3.6,118.7,-4.82645067367382,-3.43827215649305,-2.04015591899056,delo,ruber
3.6,118.7,-4.47394607383276,-3.03601578030207,-1.61266559387415,mg,ruber
3.7,-11.4,-8.17396655079464,-4.66120568260382,-2.73374764887402,uk,
3.8,-41.6,-6.363049908119,-5.00189808931552,-3.55664541605698,delo,sacculifer
4.2,-43.7,-6.14797224696275,-4.7128766095964,-3.28928284956695,delo,sacculifer
4.7,-78,-6.05604064088804,-3.50116414203062,-1.81585029066358,uk,
4.8,4.5,-5.15665019966792,-3.72941251361018,-2.32558497252402,delo,ruber
4.8,4.5,-5.80781892363451,-4.49933381110426,-3.17663067913735,mg,ruber
5.1,73.9,-4.00613887567816,-2.61970687863873,-1.18790051764221,delo,ruber
5.3,-34,-5.23161086215206,-3.8469461844604,-2.46683013944835,delo,sacculifer
5.3,-22.1,-4.66500577034393,-3.20510624725609,-1.85932389587149,delo,sacculifer
5.4,-21.7,-4.72913418679527,-3.24605574330828,-1.8358678343607,delo,sacculifer
5.4,60.3,0.272902280198792,1.60693394209737,2.87049699371859,delo,ruber
5.4,60.3,-1.83770968014232,-0.520968681666476,0.872819214981739,mg,ruber
6.2,-86,-10.1729381537189,-8.74604727963887,-7.19336878466423,tex,
6.2,112.2,-3.47513466836365,-2.08702902621213,-0.67894473892602,delo,ruber
6.2,112.2,-4.80125895473481,-2.93352877767127,-1.04119791818088,uk,
6.3,125.8,-4.84242018600013,-3.36721574141653,-2.00758019969978,delo,ruber
6.3,125.8,-4.7750235271342,-3.30359066302803,-1.88724397271237,mg,ruber
6.5,125.8,-5.29644329806891,-3.89925521347381,-2.60310702611792,delo,ruber
6.5,125.8,-4.11551313172613,-2.58203273358817,-0.754345112650457,uk,
6.6,113.4,-2.49009767360752,-1.09653133416961,0.34305536765439,delo,ruber
6.6,113.4,-4.3071322780867,-2.91848152202068,-1.48302017382813,mg,ruber
6.7,61.1,-3.71997904096893,-2.29260222150062,-0.83340177043625,delo,ruber
7.5,76.7,-3.81647494871149,-2.26673708084073,-0.832137833741202,uk,
7.9,-83.6,-4.66074501340983,-3.16026672703572,-1.7272875396428,delo,ruber
7.9,-83.6,-4.11603986595007,-2.69921209738138,-1.29573118953476,mg,ruber
7.9,-83.6,-3.80846696856833,-2.21174412158268,-0.718702686077025,uk,
8.2,-84.1,-5.17243992539567,-3.85145188381317,-2.41787298168614,delo,ruber
8.2,-84.1,-3.98795157921404,-2.5113746406897,-1.14638925204801,mg,ruber
8.2,-84.1,-4.303894789493,-2.07534050074624,-0.460939192927034,uk,
8.5,112.3,-4.08828297284947,-2.56014068174568,-1.0217598061712,uk,
8.7,109.9,-3.43494753504637,-1.98143253896556,-0.626561828389187,delo,sacculifer
8.7,109.9,-4.71213509896833,-3.2288264333775,-1.92839001795799,tex,
8.7,109.9,-5.35185972453,-2.94586495183986,-1.19265310572394,uk,
8.8,121.3,-1.28772462697218,0.119594305651166,1.56587034167375,delo,ruber
9.1,-85.6,-3.86165661152602,-2.35030114495403,-0.656262216462151,uk,
9.6,-19.1,-6.41543180970596,-2.88939397257603,-1.02747468906302,uk,
10.2,95.1,-6.20968146693184,-4.81047373849025,-3.25735890364165,delo,ruber
10.2,95.1,-3.5540000980563,-2.08141935519371,0.599442196146271,uk,
10.5,57.7,-1.68070339807802,-0.258052680854096,1.17062656256665,delo,ruber
10.5,57.7,-3.27519240637753,-1.95119011036449,-0.678384070012211,mg,ruber
10.5,75.2,-3.96521312373389,-1.75361556875431,-0.190191212666942,uk,
10.7,-65.9,-3.05907879059016,-1.71783409285122,-0.283615038187625,delo,bulloides
10.7,-65.9,-5.81561469834295,-4.43379582445161,-2.98281998027021,delo,ruber
10.7,-65.9,-4.37480243028725,-3.06971260780305,-1.67587584461375,mg,ruber
10.8,51.9,-3.66114453825832,-2.26035613538015,-0.847800460191175,tex,
10.8,51.9,-2.45902189744461,-0.918216206852717,0.638114834108533,uk,
10.8,52,-2.77632532747852,-1.35553762206678,0.122912467951387,delo,bulloides
10.8,52,-4.39545871301834,-2.97548421877476,-1.52538393169796,delo,ruber
10.9,115.3,-2.43446386067763,-1.03525844226575,0.340041022922257,delo,ruber
10.9,115.3,-0.61090810884294,0.79493219394767,2.14132536178806,mg,ruber
11,75,-5.30558201203912,-3.82129513869674,-2.42232227620352,delo,ruber
11,75,-4.07002963748189,-2.66272162825388,-1.35442265069119,mg,ruber
11.3,-66.6,-7.88730899410695,-6.51804786826039,-5.09834350216545,delo,ruber
11.3,-66.6,-5.16270659285191,-3.71266796240925,-2.3066117765456,mg,ruber
11.5,74.4,-4.89264745457733,-2.43741344027633,-0.638766742095498,uk,
11.7,-79.6,-4.53658480780082,-3.12909582527687,-1.70579089790214,mg,sacculifer
11.7,94.5,-7.14697613511248,-5.80013720356624,-4.35130352035122,delo,sacculifer
11.7,94.5,-2.46828792402593,-1.14799594497653,0.23356169266601,mg,sacculifer
11.8,94.2,-5.05053006478206,-3.66448405971367,-2.25705480692743,delo,ruber
11.9,-78.7,-4.54882673838856,-3.06623032620247,-1.7365052140929,delo,ruber
11.9,-78.7,-2.71675222432336,-1.27721710949301,0.333856893614129,mg,ruber
12,44.3,-3.38901302972109,-2.01659960041475,-0.461981629251522,delo,ruber
12,44.3,-3.2356628207148,-1.92830040101124,-0.576734915355734,mg,ruber
12,44.3,-3.9883403426208,-2.53843648550132,-1.08889160373147,tex,
12,44.3,-5.0987805507707,-3.19542615600569,-1.36612073904949,uk,
12.1,-61.2,-4.46703127887824,-3.04043827333139,-1.64066295068692,delo,ruber
12.1,-61.2,-7.66915154962523,-5.17205246340197,-3.24410966953021,uk,
12.7,-78.7,-4.77679362205176,-3.35585219067345,-1.88313021255517,delo,ruber
12.7,-78.7,-3.49727072954369,-2.06359700602411,-0.697752608929587,mg,ruber
12.7,119.5,-2.42629645302299,-1.05693399679723,0.431684049563568,delo,ruber
13.7,53.3,-5.25025489746496,-2.12551481803548,-0.388392583813538,uk,
13.8,110.3,-2.96553188667539,-1.49557731783029,-0.143029284347845,delo,sacculifer
14.3,57.3,-4.0428398055043,-2.66625874681967,-1.33606773220955,delo,ruber
14.3,57.3,-4.41076418094946,-2.95626361918739,-1.59311084585323,mg,ruber
14.3,57.3,-3.7870561275347,-2.3835659687567,-0.870974882920095,tex,
14.3,57.3,-4.95877066755978,-2.86389799014966,-1.08515156700956,uk,
14.4,50.5,-3.21546153165273,-1.90253322603727,-0.461354215635769,uk,
14.5,93.1,-4.21453520654485,-2.69291018662841,-1.23365503863706,delo,ruber
14.5,93.1,-2.03776767030869,-0.574604184395614,0.979070069169021,uk,
14.8,111.5,-4.72313131258045,-3.38904735492926,-1.88632824734552,mg,ruber
14.9,-71.8,-3.98643138543467,-2.62561462150484,-1.2119066891391,mg,sacculifer
15,54.4,-6.2648247789012,-3.22538984982277,-1.59562048456849,uk,
15.5,68.8,-4.6457704534372,-3.26722658412093,-1.90920694801125,delo,ruber
15.5,68.8,-8.56063209461577,-7.06284935054116,-5.65157361088507,mg,ruber
15.9,72.6,-5.70641011314924,-3.47606072211065,-1.77376304559236,uk,
16.1,112.9,-2.7896573459706,-1.34517741259769,0.0878397332812995,delo,ruber
16.1,112.9,-5.17489261722511,-3.83800983947523,-2.4663475661194,mg,ruber
16.2,59.8,-7.51955589265594,-3.9494532747629,-2.10583958930125,uk,
16.6,59.8,-6.07314242777538,-4.1833504695976,-2.3455936186925,uk,
17.1,69,-3.65916218999952,-2.28343359615951,-0.981937234046033,delo,ruber
17.1,69,-2.8183698833649,-1.35938162563868,-0.00978943767935014,mg,ruber
17.3,119.5,-3.40466413884117,-1.8692427582204,-0.418998137003928,delo,ruber
17.3,119.5,-4.85657226453636,-3.42906756503252,-2.0771557548187,mg,ruber
17.4,-77.7,-6.07506539828876,-4.69746761639474,-3.27916277614696,delo,ruber
17.4,58.8,-13.3890149482392,-11.9455690789138,-10.450282293913,delo,ruber
18,57.6,-1.78656339713567,-0.453360407494232,1.01373694508682,delo,bulloides
18,111.5,-4.04209827534537,-2.6041949953793,-1.11320771808403,delo,sacculifer
18,111.5,-6.32330552652168,-3.58391800168686,-2.01824715165418,uk,
18.1,-18,-6.70126883878695,-5.27057675492472,-3.94093253810046,mg,bulloides
18.1,-18,-3.11183871729499,-1.70313119836175,-0.220010057821762,mg,ruber
18.1,57.6,-7.06172228872938,-4.11105438660599,-2.33616277519604,uk,
18.8,115.9,-2.35433599204403,-0.937842347785486,0.437855708608781,delo,sacculifer
18.8,115.9,-8.59986393564501,-4.78758542104216,-2.82601492689729,uk,
19,-20.2,-3.99246121991224,-2.56233746162561,-1.03552674067048,uk,
19.2,60.7,-7.0320953765887,-4.15992077578493,-2.38238954486626,uk,
19.4,-17.3,-5.69586753804005,-4.25959053104962,-2.733369466889,tex,
19.4,-17.3,-0.835472501076397,0.517852331846402,1.86943123197787,uk,
19.6,117.6,-3.88377821863136,-2.43962831435165,-0.997434955680578,delo,ruber
19.6,117.6,-5.55868851981221,-4.05933742208831,-2.61894373658315,mg,ruber
19.7,-20.7,-5.92184290028416,-4.24851743910898,-2.74887672654138,uk,
19.8,117.5,-4.35539984889814,-2.94487653200083,-1.46349552606214,delo,ruber
19.8,117.5,-2.868335562619,-1.45469776586087,-0.0453884597406216,delo,sacculifer
20,90,-2.28172758393762,-0.844145524453317,0.592390522662988,uk,
20.1,117.4,-2.69782014754117,-1.30383448807038,0.0934804832201834,delo,ruber
20.1,117.4,-3.5012659645173,-2.11791626982143,-0.619572814196843,delo,sacculifer
20.1,117.4,-5.23768827820483,-3.83597438463286,-2.41801658345084,mg,sacculifer
20.1,117.4,-6.06717740872347,-4.58544283873938,-3.1400974038528,tex,
20.1,117.4,-8.01333457284505,-4.73681345215897,-3.08725910062948,uk,
20.2,-18.5,-3.84185872717339,-2.42472523437513,-0.966801328846909,tex,
20.2,-18.5,-1.33679609076388,0.0351848144994893,1.47061630335709,uk,
20.7,-18.6,-2.3420313515999,-0.90864382572164,0.491887172773231,uk,
20.7,59.6,-5.50787568357914,-3.38748790293342,-1.76906114137961,uk,
20.9,63.1,-5.63752309801044,-4.09649975946859,-2.69548569219121,delo,ruber
21,65.6,-10.1177285261759,-8.65283850634633,-7.23716156734248,delo,ruber
21.1,-18.6,-5.50063673964006,-4.00178964506223,-2.6910163493546,delo,ruber
21.3,-158.2,-5.52381887368564,-2.41218513540721,-0.82704479275713,uk,
21.4,-158.2,-1.16233705080501,0.313952452534611,1.74243375296861,delo,ruber
21.4,-158.2,-6.42749020708978,-2.90199353009518,-1.28139793775211,uk,
23,-109.5,-6.43293336277011,-3.80384585448716,-2.25245654090824,uk,
23.2,-17.4,-5.06089847659806,-3.53778920796447,-2.03980901386738,tex,
23.2,-17.4,-5.40588816995708,-4.03991582658736,-2.57228403037887,uk,
23.6,64.2,-7.72053751221194,-4.83630953752614,-2.80157686747043,uk,
24.3,-83.3,-5.13569888879651,-3.77741381998815,-2.42113812193684,mg,ruber
25,-16.7,-5.61992204298298,-4.21685753958499,-2.79023283497841,uk,
26.4,-92,-0.557847165924249,0.820387382228354,2.32174866088967,delo,ruber
26.4,-92,-5.3952207665559,-4.04443534370526,-2.69551199026233,mg,ruber
26.7,125.8,-2.29456396894722,-0.758869340044921,0.638848788581774,delo,ruber
26.8,-15.4,-7.97197497688064,-6.51873188864677,-4.99736125492024,tex,
26.8,-15.4,-6.17654631495571,-4.76342038390236,-3.4016310915592,uk,
27,-19,-7.1826229173765,-5.76127904910549,-4.43826023419798,mg,ruber
27.2,-91.4,-7.87635394552693,-6.18868087490205,-4.7013200763815,uk,
27.7,34.7,-9.81018845119292,-5.44520818516789,-3.44232653187522,uk,
29,-87.1,-2.51605789828675,-1.17146923780708,0.284125363349437,delo,ruber
29,-87.1,-4.78029955680499,-3.37719421111548,-1.99363783452372,mg,ruber
30.9,-10.5,-6.39482497374642,-4.93082902595878,-3.66471039062572,tex,
30.9,-10.5,-4.37230937150374,-3.02119290915273,-1.61332174963989,uk,
31.5,-118.4,-7.78205429770078,-6.28885982646522,-5.0137941459463,delo,bulloides
31.5,128.4,-4.99216037878371,-3.50930451778575,-2.18846873661094,delo,ruber
31.6,128.9,-10.3297138688833,-8.96997818684957,-7.49989995223372,tex,
31.6,128.9,-5.45009406348756,-3.90295829009122,-2.496160751988,uk,
31.7,34.1,-11.0058634058165,-9.34767749002098,-7.8795655984589,tex,
31.7,34.1,-11.5933607755123,-10.1798982438643,-8.67708299627461,uk,
31.9,-118.1,-12.2340549139575,-10.8046732521512,-9.3408575313906,delo,bulloides
31.9,137.8,-2.88501077453349,-1.47451907826545,-0.152513416145336,uk,
32.3,-118.4,-3.33801677162496,-1.91869275469062,-0.553690974821019,uk,
32.8,-120,-5.81833273452056,-4.33024412221464,-2.9402831213952,delo,bulloides
32.8,-120,-2.11388299961829,-0.725088112643228,0.837506108291017,uk,
32.8,-119.9,-5.20967040666639,-3.71227925200517,-2.2265586062856,delo,bulloides
32.8,-76.3,-4.85887141485336,-3.57036565783411,-2.21040629423465,delo,ruber
33,-119.1,-8.3424200006793,-6.87679400765275,-5.36882994923253,delo,bulloides
33,32.6,-8.58905400381389,-7.19255189905702,-5.79641569907393,delo,ruber
33.3,-120.4,-2.62278910473306,-1.27318329387034,0.183320029359162,uk,
33.4,159.1,-3.94316801622782,-2.47225333781045,-1.12379014560492,delo,ruber
33.7,-57.6,-0.864190797529846,0.64053854839486,1.96882922281466,delo,ruber
34.1,32.7,-8.17776580817045,-6.7475240779272,-5.27618209732093,uk,
34.3,-120,-8.81047262560754,-7.38772661672244,-5.99016016281202,delo,bulloides
34.3,-120,-6.41179030013862,-4.92650177405864,-3.51920198614265,delo,pachy
34.3,-120,-3.60855965611196,-2.26374932874774,-0.932383342344104,uk,
34.4,-120,-8.77838865481832,-7.42641126574581,-5.99935657984499,delo,bulloides
34.5,-121.1,-6.15295546483685,-4.67407165393753,-3.27244502039526,uk,
34.8,23.2,-7.26604865349053,-5.80415444022062,-4.38017019248419,uk,
34.8,27.3,-4.28197391153629,-2.99446642207621,-1.51994660729876,uk,
35,-121.2,-5.70359447967627,-4.13990983803066,-2.68620801370592,uk,
35.6,-121.4,-3.31325676482481,-1.9419751492639,-0.511539797076266,uk,
35.9,-7.5,-4.08361837799517,-2.63283640026366,-1.17193800114957,delo,bulloides
36,-2,-8.36507111817364,-6.8237313763799,-5.37461153756484,uk,
36,141.8,-8.09584813856454,-6.63003652224545,-5.18209433373984,delo,bulloides
36,141.8,-2.23379000828081,-0.866577989533281,0.500842024886136,uk,
36.1,-2.6,-7.58589470750865,-6.17582442204362,-4.82435989975466,delo,bulloides
36.1,-2.6,-6.20228178352933,-4.80280719895881,-3.37817218677667,mg,bulloides
36.1,-2.6,-7.50858129175246,-6.11241950073421,-4.71761325399669,uk,
36.4,-7.1,-3.64095713446474,-2.25122244443223,-0.91121067387834,delo,bulloides
36.5,-3.9,-5.58954197750678,-4.26249820968553,-2.86777290900418,uk,
36.5,142.1,-4.64402303426756,-3.19896117867411,-1.88054951531333,uk,
36.7,12.3,-7.70236468248615,-6.30468017183207,-4.79807152198932,delo,bulloides
36.7,12.3,-9.53379092341034,-8.08320822760473,-6.667540825292,delo,incompta
36.7,17.7,-10.2137142957359,-8.75518807019446,-7.3142172622329,delo,ruber
36.8,-9.9,-6.64739478401494,-5.19494695098107,-3.78695921541984,delo,bulloides
37,-123.3,-7.22880726930833,-5.85531412397856,-4.38129353463568,uk,
37,13.2,-4.83674766891142,-3.32684446581417,-1.87432217660761,uk,
37.1,-32,-4.96693426308553,-3.43166728614802,-1.99385606691999,delo,bulloides
37.1,-9.5,-4.622817881801,-3.20366058655842,-1.79878739110039,delo,bulloides
37.7,-10.2,-5.76677591647547,-4.36711173437176,-2.87063426069946,delo,bulloides
37.8,-10.2,-5.50677995528172,-4.10772656600981,-2.59464146950125,delo,bulloides
37.8,-10.2,-5.37375224418057,-3.98744828020112,-2.58038746878395,uk,
37.8,-9.5,1.63574317371166,3.06518672721861,4.53601667686641,delo,incompta
37.8,162.4,-6.34794361707609,-4.95069665115636,-3.50028854180857,uk,
38.2,-10.4,-5.28796314823586,-3.96003948531414,-2.61797304459713,delo,bulloides
38.3,14,-8.99262803670157,-7.56181502472596,-6.04036509384498,delo,bulloides
38.3,14,-8.73719161553188,-7.27176883685971,-5.89329024704957,uk,
38.4,-124,-6.66626808740415,-5.23862009171183,-3.77703676566313,uk,
38.4,13.6,-6.83183924824198,-5.42091970762585,-3.97879330514708,uk,
38.9,143.3,-1.22381563497499,0.176153339000947,1.65233382513295,delo,bulloides
39,-10.7,-3.78631311987887,-2.37882713678973,-0.979607790286767,uk,
39,4,-4.92332695268333,-3.56281921197546,-2.12692387367061,uk,
39.2,15.1,-5.49527939061102,-4.05152865009215,-2.62802956020571,delo,bulloides
39.6,139.4,0.687694305717857,2.10013430796123,3.49564198304471,uk,
39.7,13.6,-6.14921528113357,-4.73811098774839,-3.36260201960346,delo,bulloides
39.9,133.6,8.72582617920565,10.1928030126569,11.7415744078736,delo,pachy
40,165.1,-7.28688934096053,-6.00092484791472,-4.49795768979284,uk,
40.1,134,12.6392392254073,14.0385773839224,15.5549546944144,delo,pachy
40.4,143.5,-4.43229774285657,-3.02042395964039,-1.54259523075653,uk,
40.5,-32.1,-5.1258133900909,-3.69679951679242,-2.32421430868432,uk,
41.1,-20.8,-2.96241163753114,-1.54329709045516,-0.172213960338615,uk,
41.1,4.8,-9.03883044720057,-7.64808243272419,-6.17522459150987,delo,bulloides
41.3,-132.7,-4.22870644782685,-2.76921615550971,-1.42729586757067,uk,
41.3,17.6,-7.77447328824862,-6.29956594117988,-4.88194745318956,delo,bulloides
41.3,17.6,-8.78662899036419,-7.331921917291,-5.87025351660694,delo,ruber
41.4,142.3,-4.74461301140888,-3.40580202000513,-2.04353591651097,uk,
41.5,-131.3,-5.38116299214571,-3.89663757567941,-2.48597212302171,uk,
41.5,18,-7.31921852978453,-5.96600952542879,-4.56210158698874,delo,bulloides
41.6,-130.6,-6.31925511871546,-4.75494883739855,-3.42810605877003,uk,
41.7,-124.9,-5.70989246812827,-4.33978588287061,-2.84975109382377,uk,
41.8,-129,-5.99794421796288,-4.57576701139094,-3.20358546929491,uk,
41.8,-47.4,-3.94275523967083,-2.51137194309574,-1.12739271751957,delo,bulloides
41.8,-47.4,-3.24677239337336,-1.88746075779613,-0.40110038009346,delo,pachy
42,4.2,-7.89063081368261,-6.38164678315027,-5.03823731539275,delo,bulloides
43,-55.2,-4.51446621661826,-2.9133125741028,-1.42505379918613,delo,pachy
43.4,-54.9,-5.01768578832331,-3.5917963158314,-1.87020405317435,delo,pachy
44.4,-26.5,-6.39389766955003,-5.01478955222489,-3.58492510579502,mg,bulloides
44.4,-26.5,-4.69903262713616,-3.05983756904784,-1.59700672437572,mg,ruber
44.5,145,-0.842340948301697,0.56592086491507,1.9226825762857,uk,
48.4,-25.1,-8.39054804491392,-7.08821996130955,-5.58635547749674,uk,
48.5,150.7,-2.29109198957375,-0.923774152475536,0.483948664271789,uk,
48.6,150.4,-1.69982292092033,-0.381545241310746,0.945755810822976,delo,pachy
48.8,150.5,-2.33339269069247,-0.912628000106055,0.508864240562349,delo,pachy
49,150.3,-2.72389955731057,-1.28313760925276,0.0629886109628416,delo,pachy
49.4,152.9,-2.00899526654564,-0.594095975820166,0.837369161024425,delo,pachy
49.4,152.9,-0.88495372149552,0.522668312600549,1.94605630094139,mg,pachy
50.1,153.2,-4.85764971096622,-3.41903346484552,-1.85128132902518,delo,pachy
50.4,167.7,-0.599564257459103,0.834516643876009,2.22758369066401,delo,bulloides
50.4,167.7,-2.80597188794861,-1.5345007167274,-0.0464217084929683,delo,pachy
50.7,-21.9,-5.62788751392562,-4.20047511711784,-2.81646689147811,delo,bulloides
50.7,-21.9,-8.77160610111049,-7.39042726461311,-6.03323312274135,delo,pachy
50.7,-21.9,-2.70458276026289,-1.21307569463925,0.327604710627644,uk,
51,148.3,-3.0234593862024,-1.55530307284122,-0.13596163011826,delo,pachy
51.1,168,-2.65252813724748,-1.21881913819595,0.272726033328977,delo,pachy
51.1,168.1,-4.64998769514694,-3.20702851022785,-1.82103622047717,delo,pachy
51.2,167.8,-3.89357883408085,-2.466996122194,-1.03079736801321,delo,pachy
51.3,167.7,-1.6280757624305,-0.218619580534854,1.14785434972801,delo,pachy
52.4,-16.7,-8.3663006185599,-6.94353255339217,-5.53934887923636,uk,
52.5,-22.1,-5.64637292104137,-4.23470933909474,-2.87768844991549,delo,bulloides
52.5,-22.1,-9.15871186601452,-7.70066103313246,-6.27951040841326,delo,pachy
53.2,-19.1,-8.81100708235393,-7.56840484805655,-6.12652234029168,delo,pachy
53.2,-19.1,-4.63219391126875,-3.18045984123271,-1.74528402080355,uk,
53.2,149.6,-4.16710439074929,-2.81675402680156,-1.42187532186952,tex,
53.2,149.6,-2.99203959096665,-1.54410185019537,-0.1306158047603,uk,
53.5,178.9,-3.79574670220513,-2.46513288984322,-1.03368793816955,delo,pachy
53.7,165,-1.42870008400709,-0.0910150136289571,1.34017995685361,delo,pachy
54.3,-149.6,-0.202548123314447,1.27536711190417,2.67668123076714,delo,bulloides
54.3,-149.6,-1.38568076513244,0.0347462036502205,1.42730677539501,delo,pachy
54.4,-149.4,-1.18197875785166,0.25162028287655,1.69610770876103,delo,bulloides
54.4,-149.4,-2.01010848451961,-0.473669596009222,0.959416827253655,delo,pachy
54.4,-148.9,0.3822307788223,2.31321775073989,4.07186560548818,delo,pachy
54.4,-148.5,-1.4079678053984,-0.0849797932352235,1.21566127972781,delo,pachy
54.6,-16.4,-7.49657344003964,-6.0435657211493,-4.73318033290602,delo,bulloides
54.6,-16.4,-11.0378784260509,-9.43736001032723,-7.98339986950581,delo,incompta
55.3,-26.7,-3.56304866886964,-2.04334179878142,-0.650739105170878,delo,bulloides
55.3,-26.7,-7.41114481890583,-6.00260938936988,-4.58520282653773,delo,pachy
55.5,-14.7,-8.17202729431207,-6.76803273004136,-5.35441136571279,delo,bulloides
55.5,-14.7,-10.4509956438351,-9.07496932187543,-7.50368165972696,delo,incompta
56.2,-32,-3.02864092716563,-1.63558418889755,-0.262214784178512,delo,bulloides
56.2,-32,-3.73726618243847,-2.37235259732272,-0.948795700199733,delo,pachy
57.9,-29.1,-10.031533328493,-8.58667677008841,-7.13360416721935,delo,pachy
58,-16.5,-3.71784113162794,-2.23529014549338,-0.919684702333357,delo,bulloides
58.2,-48.4,-6.46659281024572,-5.02371873637799,-3.34005243207723,delo,pachy
59.8,-23.9,-0.695158559848774,0.706126951482685,2.09570593461994,mg,bulloides
61.9,-11.2,-1.72799019763888,-0.326693053455236,1.17685427784671,delo,pachy
62.4,-1,-10.5515374633583,-9.02619731567084,-7.66774207946472,delo,pachy
64.8,-29.6,-7.46742453128442,-6.03253157428162,-4.50629872799795,delo,pachy
64.9,-29.3,-2.95154508130014,-1.59230693046148,-0.0441811519612722,delo,pachy
66.6,-10.5,-0.979668798775552,0.338801362983546,1.68356255860673,delo,pachy
67,7.6,-8.68192254413897,-7.29346579206644,-5.8746610393378,delo,pachy
67,7.6,-2.2021027270117,-0.838387644173545,0.58884094306178,mg,pachy
67.1,2.9,-8.32514074425039,-6.88098038465796,-5.53045583617169,delo,pachy
67.8,1.5,-7.75254382723325,-6.37973041940915,-4.79603234190835,delo,pachy
67.9,-21.8,-1.8556057574907,-0.394362584819941,1.03079846285042,delo,pachy
68.4,-13.9,-0.898212778748528,0.575339627211,1.83789390473686,delo,pachy
68.4,-13.9,0.0573794488386801,1.61897982586122,2.99878517487227,mg,pachy
68.4,4,-8.2682337126177,-6.78483702267314,-5.31890993351392,delo,pachy
68.5,0.8,-7.64085007314119,-6.24417792062812,-4.70074372147138,delo,pachy
68.7,0.2,-7.67738502843341,-6.3062382564652,-4.83344992555555,delo,pachy
68.9,-11.9,-0.683464141819229,0.974562313687603,2.37628333428503,delo,pachy
69.4,-12.9,-1.03793810457506,0.381971977475926,1.84343865613182,delo,pachy
69.5,-9.5,-2.48439546861539,-1.06954767693915,0.298340270807996,delo,pachy
70,-18.1,-2.52538929726624,-1.04097459251864,0.474330831448542,delo,pachy
70.3,-10.6,-1.27303819447033,0.152116190471924,1.49455653861897,delo,pachy
70.3,-3.1,-8.23574766242443,-6.63538968048754,-5.20165124447744,delo,pachy
70.4,-18.2,-0.989057827093172,0.488171952150535,1.84108537082599,delo,pachy
71.8,1.6,-4.72904680115467,-3.40896861388314,-2.00932725345735,delo,pachy
72,9.3,-7.0853656548588,-5.73795232657581,-4.30465220680688,delo,pachy
72.1,11.5,-7.03899941710471,-5.57250540331193,-4.07897661541053,delo,pachy
72.2,8.6,-6.26610592386864,-4.75003977103373,-3.27006584144128,delo,pachy
72.2,13.1,-6.59173649597379,-5.17472921271036,-3.68296940740106,delo,pachy
72.2,14.4,-5.6450349540071,-4.26714827410404,-2.86628325548516,delo,pachy
72.3,-9.2,-1.23850476143425,0.147838996295236,1.48623171943119,delo,pachy
72.4,-10.6,-3.73005443105144,-2.18750234885573,-0.271643088706155,delo,pachy
73.1,9.7,-5.75251792180829,-4.33514357909995,-2.85000570084407,delo,pachy
74.2,-0.5,-0.785490662553668,0.679203236719338,2.18481101655513,delo,pachy
74.5,5.7,-0.533330021696479,0.882846887382916,2.33074583845894,delo,pachy
75,14,-5.90089000325575,-4.37700291398514,-2.92297207884668,delo,pachy
75.6,1.3,-0.377869177190987,1.02757273312868,2.44846879743985,delo,pachy
77.3,9.1,-2.35756264524293,-0.985396289184868,0.474615261879185,delo,pachy
80,4.5,-2.29469968736558,-0.939242489107714,0.54775867792392,delo,pachy
82.4,40.9,-2.19346112977259,-0.797016719380657,0.692236852069545,delo,pachy
